alpha,c_l,c_d,c_m,converged
0.0,-0.0,0.01245,0.0,1.0
0.5,0.04184,0.01249,0.002188,1.0
1.0,0.08374,0.01262,0.004356,1.0
1.5,0.1259,0.01283,0.006466,1.0
2.0,0.1681,0.01314,0.00853,1.0
2.5,0.2106,0.01354,0.01058,1.0
3.0,0.3044,0.01804,0.00714,1.0
