alpha,c_l,c_d,c_m,converged
0.0,-0.0,0.007126,0.0,1.0
0.5,0.0512,0.007,0.0003862,1.0
1.0,0.1008,0.006298,0.0007544,1.0
1.5,0.1503,0.006134,0.001749,1.0
2.0,0.1996,0.006184,0.00289,1.0
2.5,0.2532,0.00645,0.003178,1.0
3.0,2.244,0.004894,-0.3923,0.0
