alpha,c_l,c_d,c_m,converged
0.0,-0.0,0.00973,0.0,1.0
0.5,0.04236,0.00978,0.002157,1.0
1.0,0.085,0.009926,0.00424,1.0
1.5,0.1283,0.010155,0.00619,1.0
2.0,0.1718,0.010475,0.00808,1.0
2.5,0.2632,0.010376,0.003813,1.0
3.0,0.3025,0.01528,0.006374,1.0
