Leading Edge Location,Wing Chord Length,Wingspan,Tail Chord Length,Tailspan,Angle of Twist (rad),Tail Distance,Wing Distance,Alpha,Tail Leading Edge Location,Cmg,dCmg
0.41582079713423176,0.813882977546522,1.4147195964268928,0.8870066807577088,0.80543711658823,-0.12682974724868035,0.6045361671886152,0.2379282330068452,2.0,-0.29926914221403744,-2.9478733258939127e-7,-0.19469623328816454
0.32960717300623016,0.8940798094568466,1.4147195964268928,0.8857578489251055,0.80543711658823,-0.14904980890659197,0.6045361671886152,0.2379282330068452,2.0,-0.3443099193512414,-2.9478733258939127e-7,-0.19469623328816454
